EMPLOYEE_ID,FIRST_NAME,LAST_NAME,EMAIL
198,Donald,OConnell,DOCONNEL,6505079833,21-JUN-07,SH_CLERK,2600, - ,124,50
199,Douglas,Grant,DGRANT,6505079844,13-JAN-08,SH_CLERK,2600, - ,124,50
200,Jennifer,Whalen,JWHALEN,5151234444,17-SEP-03,AD_ASST,4400, - ,101,10
201,Michael,Hartstein,MHARTSTE,5151235555,17-FEB-04,MK_MAN,13000, - ,100,20
202,Pat,Fay,PFAY,6031236666,17-AUG-05,MK_REP,6000, - ,201,20
203,Susan,Mavris,SMAVRIS,5151237777,07-JUN-02,HR_REP,6500, - ,101,40
204,Hermann,Baer,HBAER,5151238888,07-JUN-02,PR_REP,10000, - ,101,70
205,Shelley,Higgins,SHIGGINS,5151238080,07-JUN-02,AC_MGR,12008, - ,101,110
206,William,Gietz,WGIETZ,5151238181,07-JUN-02,AC_ACCOUNT,8300, - ,205,110
100,Steven,King,SKING,5151234567,17-JUN-03,AD_PRES,24000, - , - ,90
101,Neena,Kochhar,NKOCHHAR,5151234568,21-SEP-05,AD_VP,17000, - ,100,90
102,Lex,De Haan,LDEHAAN,5151234569,13-JAN-01,AD_VP,17000, - ,100,90
103,Alexander,Hunold,AHUNOLD,5904234567,03-JAN-06,IT_PROG,9000, - ,102,60
104,Bruce,Ernst,BERNST,5904234568,21-MAY-07,IT_PROG,6000, - ,103,60
105,David,Austin,DAUSTIN,5904234569,25-JUN-05,IT_PROG,4800, - ,103,60
106,Valli,Pataballa,VPATABAL,5904234560,05-FEB-06,IT_PROG,4800, - ,103,60
107,Diana,Lorentz,DLORENTZ,5904235567,07-FEB-07,IT_PROG,4200, - ,103,60
108,Nancy,Greenberg,NGREENBE,5151244569,17-AUG-02,FI_MGR,12008, - ,101,100
109,Daniel,Faviet,DFAVIET,5151244169,16-AUG-02,FI_ACCOUNT,9000, - ,108,100
110,John,Chen,JCHEN,5151244269,28-SEP-05,FI_ACCOUNT,8200, - ,108,100
111,Ismael,Sciarra,ISCIARRA,5151244369,30-SEP-05,FI_ACCOUNT,7700, - ,108,100
112,Jose Manuel,Urman,JMURMAN,5151244469,07-MAR-06,FI_ACCOUNT,7800, - ,108,100
113,Luis,Popp,LPOPP,5151244567,07-DEC-07,FI_ACCOUNT,6900, - ,108,100
114,Den,Raphaely,DRAPHEAL,5151274561,07-DEC-02,PU_MAN,11000, - ,100,30
115,Alexander,Khoo,AKHOO,5151274562,18-MAY-03,PU_CLERK,3100, - ,114,30