198,Donald,OConnell,DOCONNEL
199,Douglas,Grant,DGRANT
200,Jennifer,Whalen,JWHALEN
201,Michael,Hartstein,MHARTSTE
202,Pat,Fay,PFAY
203,Susan,Mavris,SMAVRIS
204,Hermann,Baer,HBAER
205,Shelley,Higgins,SHIGGINS
206,William,Gietz,WGIETZ
100,Steven,King,SKING
101,Neena,Kochhar,NKOCHHAR
102,Lex,De Haan,LDEHAAN
103,Alexander,Hunold,AHUNOLD
104,Bruce,Ernst,BERNST
105,David,Austin,DAUSTIN
106,Valli,Pataballa,VPATABAL
107,Diana,Lorentz,DLORENTZ
108,Nancy,Greenberg,NGREENBE
109,Daniel,Faviet,DFAVIET
110,John,Chen,JCHEN
111,Ismael,Sciarra,ISCIARRA
112,Jose Manuel,Urman,JMURMAN
113,Luis,Popp,LPOPP
114,Den,Raphaely,DRAPHEAL
115,Alexander,Khoo,AKHOO
